loss_pol_entpen,TimeElapsed,loss_ent,loss_pol_surr,EpThisIter,EpisodesSoFar,loss_vf_loss,TimestepsSoFar,ev_tdlam_before,loss_kl,EpLenMean,EpRewMean
-0.017907606,0.701793909072876,1.7907608,-0.009335059,0,0,0.021816542,256,-0.07867312431335449,0.0010222542,,
-0.017891888,0.983933687210083,1.7891889,-0.004884556,1,1,0.021089427,512,0.5997045338153839,0.0006626225,503.0,0.030000000000004245
-0.017889893,1.2660412788391113,1.7889893,-0.0028321184,0,1,0.025782375,768,0.5994715988636017,0.00041502563,503.0,0.030000000000004245
-0.01784707,1.5577917098999023,1.7847071,-0.010921102,0,1,0.0508575,1024,0.5252082943916321,0.0012507375,503.0,0.030000000000004245
-0.017809,1.8441619873046875,1.7809001,-0.005810015,1,2,0.024962034,1280,0.6259349882602692,0.0013443464,545.0,0.9499999999999779
-0.017676206,2.124833106994629,1.7676206,-0.0067996737,0,2,0.04214889,1536,0.40653878450393677,0.003317182,545.0,0.9499999999999779
-0.017592903,2.40273380279541,1.7592903,-0.008120103,1,3,0.034772344,1792,0.7292599380016327,0.0030342625,571.3333333333334,1.046666666666647
